name,lat,lng,title
ことでん　山田　良太,34.278057,134.069988,08:24:25
ことでん　山田　良太,34.278154,134.068514,08:24:54
ことでん　山田　良太,34.278174,134.067698,08:25:24
ことでん　山田　良太,34.278174,134.067698,08:25:54
ことでん　山田　良太,34.278197,134.066091,08:26:24
ことでん　山田　良太,34.278635,134.062574,08:26:54
ことでん　山田　良太,34.278635,134.062574,08:27:24
ことでん　山田　良太,34.279701,134.057945,08:27:54
ことでん　山田　良太,34.280489,134.05576,08:28:24
ことでん　山田　良太,34.281829,134.053944,08:28:54
ことでん　山田　良太,34.283224,134.052829,08:29:24
ことでん　山田　良太,34.284304,134.050816,08:29:54
ことでん　山田　良太,34.284335,134.050445,08:30:24
ことでん　山田　良太,34.28224,134.049662,08:30:54
ことでん　山田　良太,34.282121,134.049389,08:31:24
ことでん　山田　良太,34.282274,134.048529,08:31:54
ことでん　山田　良太,34.282328,134.047756,08:32:24
ことでん　山田　良太,34.282554,134.045755,08:32:54
ことでん　山田　良太,34.282804,134.043953,08:33:24
ことでん　山田　良太,34.283229,134.041891,08:33:54
ことでん　山田　良太,34.283229,134.041891,08:34:24
ことでん　山田　良太,34.28343,134.042006,08:34:54
ことでん　山田　良太,34.28343,134.042006,08:35:24
ことでん　山田　良太,34.283239,134.041751,08:35:54
ことでん　山田　良太,34.282535,134.041437,08:36:24
ことでん　山田　良太,34.282535,134.041437,08:36:54
ことでん　山田　良太,34.282535,134.041437,08:37:24
ことでん　山田　良太,34.282535,134.041437,08:37:54
ことでん　山田　良太,34.282535,134.041437,08:38:24